날짜,제목,내용
2022.07.25 16:20,"웨이커, 글로벌 사업 가속화... 허프포스트에 인공지능 기사 및 데이터 솔루션 공급","인공지능 금융 데이터 스타트업 웨이커(대표 황규종)가 허프포스트에 인공지능 기사 및 데이터 솔루션을 공급한다.웨이커는 최근 허프포스트와 인공지능 솔루션을 활용한 기사 공급 및 공동 사업 등에 대한 계약을 체결했다고 25일 밝혔다. 허프포스트코리아(대표 최태형)는 글로벌 서비스를 위한 교두보 역할을 하게 된다. 허프포스트는 미국 온라인 미디어 시장을 효율적으로 공략한 성과를 기반으로 한국, 영국 등에도 진출했다. 버즈피드(BuzzFeed) 통계에 따르면, 허프포스트는 글로벌 MZ세대가 가장 시간을 많이 보내는 온라인 언론매체 중 하나로 알려졌다. 웨이커는 인공지능 자연어처리 기술 등을 활용해 전 세계 금융 데이터베이스를 구축하고 있는 핀테크 스타트업이다. 지난해 11월 인공지능 기자 솔루션을 통해 테슬라 CEO 일론 머스크의 지분 매도 공시를 세계 최초로 보도해 관심을 모았다. 허프포스트코리아 최태형 대표이사는 “웨이커가 보유한 인공지능 기술의 잠재력은 무궁무진하다""며 ""허프포스트의 글로벌 콘텐츠 데이터와 결합해 경쟁력을 강화하고 시장을 확대하는 데 주력할 것”이라고 말했다. 웨이커 황규종 대표는 “이번 기회를 바탕으로 글로벌 진출에 박차를 가할 것""이라고 말했다.한경닷컴 뉴스룸 open@hankyung.com"
2022.08.01 10:36,"SK쉴더스, 이바코리아시스템과 OT 데이터 솔루션 총판 계약","SK쉴더스, 이바코리아시스템과 OT 데이터 솔루션 총판 계약(SK쉴더스 제공)ⓒ 뉴스1(서울=뉴스1) 오현주 기자 = SK그룹 보안기업 SK쉴더스는 독일 스마트팩토리 기업 이바코리아시스템과 운영기술(OT) 데이터 수집·분석 솔루션 총판 계약을 맺었다고 1일 밝혔다. 솔루션은 △제어시스템 △센서 △폐쇄회로(CC)TV 같은 생산현장 데이터를 모으고 분석하는 기술이다. 공장 관리자가 시설 내 오류를 미리 감지하고 발빠르게 대응할 수 있도록 돕는다.특히 이바코리아시스템의 솔루션은 최대 10마이크로초(㎲) 속도로 데이터를 수집해 기업의 단일 서버에 대량의 자료를 저장한다고 SK쉴더스 측은 설명했다. SK쉴더스는 이번 계약으로 △OT 보안 컨설팅 △OT 솔루션 △OT 보안 운영·관제에 이어 OT 데이터 시장에도 진출한다는 방침이다. 이용환 SK쉴더스 사업총괄은 ""OT 보안의 전 영역을 서비스하며 쌓은 스마트팩토리에 대한 높은 이해도를 바탕으로 스마트팩토리의 안전성과 생산성을 향상하는데 필요한 전략을 지속적으로 선보일 것""이라며 ""이바코리아시스템과의 협업을 통해 OT 데이터 시장혁신을 주도해 나가겠다""고 말했다."
2022.09.29 14:55,"제나, '코리아 핀테크 위크 2022' 참가… 건강 마이데이터 솔루션 소개","제나 제공(서울=뉴스1) 임해중 기자 = 소프트웨어 개발 회사 제나는 이달 28일부터 열리는 ‘코리아 핀테크 위크 2022(Korea Fintech Week 2022)’에 참가한다고 29일 밝혔다.제나는 대구에 본사와 서울 성수동에 지사를 둔 소프트웨어 개발 회사로 대구 스마트웰니스 규제자유특구 실증특례 R&D 수행기업, 서울산업진흥원 인공지능(AI)기술 사업화 지원사업, ICT혁신바우처 주관기관, NIA 성주군 스마트경로당 구축사업을 수행 중이다.제나는 코리아 핀테크 위크 2022 온/오프라인 주제관에 참가해 건강 마이데이터 ‘SaaS’ 솔루션을 선보인다. 금융/보험사의 앱 서비스에 SDK 연동을 통해 가장 경제적으로 사용자의 건강 데이터를 확보하고, 고객 맞춤형 생활 금융 서비스를 제공할 수 있는 솔루션을 소개했다.금융/보험사가 서비스하고 있는 앱의 MAU(Monthly Active Users)를 높이기 위해 모바일 카메라로 심박수 등 생체정보를 측정하는 기술과 감정추론 기술을 활용해 사용자의 감정 상태까지 파악할 수 있다.또한, ▲ICT 혁신 기술 기반 헬스케어 솔루션 ‘제나케어’▲비접촉 방식의 카메라로 심박수를 측정하는 특허 기술 ‘제나비전’ ▲영지식증명 기반 사용자 정보 보안 기술 등 제나의 원천 기술을 적용할 수 있는 사업모델을 소개했다. 기업은 수집된 사용자의 건강 마이데이터를 마케팅에 활용할 수 있는 솔루션을 제공할 예정이다.제나는 신한금융그룹, NH농협 등과 협업 파트너십을 맺고 금융사, 보험사 등 계열사와 오픈 이노베이션을 추진중에 있다. 제나비전은 네이버 클라우드에 SaaS 서비스 모델로 올해 11월 출시 예정이며, NIPA 클라우드 플래그십 사업에 선정되며, 카메라 기반 비접촉 생체정보 센싱 및 분석 기술력과 사업성에 대한 높은 평가를 받은 기술이다. 제나비전은 의료기기와 비교 측정 시 정확도가 95%이상이며 10초이내의 짧은 시간안에 측정에서 결과까지 받아 볼 수 있다.한편 제나는 체형 및 체력분석을 통한 맞춤형 운동컨텐츠를 100종 이상 제공하고, AI 운동/댄스 챌린지 서비스를 통해 참여도를 높일 수 있는 다양한 서비스를 선보일 계획이라고 밝혔다."
2022.11.10 08:43,"롯데건설, AI 활용 시각데이터 솔루션 개발","롯데건설 직원들이 현장에서 스마트폰으로 콘크리트 균열을 촬영(좌측)하고 이를 태블릿PC에서 확인(우측)하고 있다. 롯데건설 제공[파이낸셜뉴스] 롯데건설이 건설현장의 생산성과 품질 향상을 위해 인공지능(AI) 기반 시각데이터 솔루션을 개발했다고 10일 밝혔다. 시각데이터 솔루션은 유디엔에스와 공동개발한 ‘크랙뷰어’, 지와이네트웍스와 공동개발한 ‘스테이지’로 구성됐다.   ‘크랙뷰어’는 스마트폰으로 촬영한 이미지에서 콘크리트의 머리카락 굵기 만한 미세 균열을 식별하고 크기를 측정해 자동으로 균열 관리대장을 만들어주는 기술이다. 기존의 균열 관리는 근로자가 직접 균열을 확인해야하기 때문에 사다리 작업 등 위험성이 높았다. ‘크랙뷰어’는 스마트폰으로 멀리서 촬영한 이미지의 분석이 가능해 안전성과 작업속도를 향상시킬 수 있었다. 또 컴퓨터가 방대한 데이터를 스스로 학습하는 기술인 머신러닝을 통해 거푸집 자국, 그림자 등을 균열로 인식하는 오류도 개선했다.   ‘스테이지’는 타워크레인이나 드론으로 촬영한 현장 사진을 인공지능으로 분석해 공사 진척도를 자동 산출하는 기술이다. 이미지 상의 거푸집, 철근 등 객체 분석을 통해 공사단계를 유추하고 그에 맞는 색상으로 표현함으로써 한눈에 공사 진행현황을 확인할 수 있다.   또 이미지에서 근로자 수를 확인해 공사 진척도와 함께 분석하여 층별 생산성도 산출할 수 있다. 이를 통해 향후 작업의 예상 소요기간 예측하고 인원 투입계획을 수립함으로써 공기를 단축시킬 수 있다.   롯데건설 관계자는 “시각데이터 솔루션을 통해 공사진척도 관리 및 균열 관리 등 반복적인 현장 업무의 편의성을 높였다.”며 “앞으로도 현장의 생산성 향상을 위해 업무 프로세스 자동화 기술 개발을 확대해 나가겠다”고 말했다."
2022.11.10 09:57,"롯데건설, AI 기반 시각데이터 솔루션 개발…현장안전·품질 강화","◆…스마트폰으로 콘크리트 균열을 촬영(왼쪽)하고 태블릿PC에서 확인하는 모습. 사진=롯데건설 제공롯데건설이 건설현장 생산성·품질 향상을 위해 인공지능(AI) 기반 시각데이터 솔루션을 개발했다고 10일 밝혔다.   이번 솔루션은 유디엔에스와 공동개발한 클랙뷰어(Crack Viewer), 지와이네트웍스와 함께 한 스테이지(Stage)로 구성됐다.   크랙뷰어는 스마트폰으로 촬영한 이미지에서 콘크리트의 머리카락 굵기 만한 미세균열을 식별하고 크기를 측정해 자동으로 균열 관리대장을 만들어주는 기술이다. 기존 균열 관리는 근로자가 직접 확인하는 과정이 요구돼 사다리 작업 등 위험성이 높았으나 이번 기술은 원거리에서 스마트폰으로 촬영한 이미지의 분석이 가능해 안정성과 작업속도 향상이 가능하다.   컴퓨터가 데이터를 스스로 학습하는 머신러닝(Machine Learning)을 통해 거푸집 자국, 그림자 등을 균열로 인식하는 오류도 개선됐다는 게 롯데건설의 설명이다.   스테이지는 타워크레인이나 드론으로 촬영한 현장 사진을 인공지능으로 부석해 공사 진척도를 자동으로 산출한다. 이미지 상의 거푸집, 철근 등 객체 분석으로 공사단계를 유추하고 부합하는 색상으로 표현해 한 눈에 공사 진행현황을 확인토록 개발됐다.   이미지에서 근로자수를 확인해 공사 진척도와 함께 분석해 층별 생산성도 산출돼 향후 작업 예상 소요기간을 예측하고 인원 투입계획을 수립할 수 있다.   롯데건설 관계자는 ""시각데이터 솔루션으로 공사진척도와 균열 관리 등 반복적인 현장 업무의 편의성을 높였다""면서 ""앞으로도 현장의 생산성 향상을 위해 업무 프로세스 자동화 기술 개발을 확대하겠다""고 말했다."
2022.11.10 10:32,"롯데건설, 인공지능 활용 시각데이터 솔루션 개발","롯데건설, 인공지능 활용 시각데이터 솔루션 개발스마트폰으로 콘크리트 균열을 촬영하고 태블릿PC로 확인하는 모습. [롯데건설 제공]    (서울=연합뉴스) 김치연 기자 = 롯데건설은 건설 현장 생산성과 품질 향상을 위해 인공지능(AI) 기반 시각 데이터 솔루션을 개발했다고 10일 밝혔다.    시각 데이터 솔루션은 유디엔에스와 공동개발한 크랙뷰어와 지와이네트웍스와 함께 개발한 스테이지 등으로 구성됐다.    크랙뷰어는 스마트폰으로 촬영한 사진에서 콘크리트의 머리카락 굵기 미세 균열을 식별하고 크기를 측정해 자동으로 균열 관리대장을 만드는 기술이다.    기존 균열관리는 근로자가 직접 균열을 확인해야 해 사다리 작업 등 위험성이 높았으나, 이 기술로 멀리서 촬영한 이미지 분석이 가능해져 안전성과 작업속도를 향상할 수 있다.    또 머신러닝을 통해 거푸집 자국과 그림자 등을 균열로 인식하는 오류도 개선했다고 회사는 설명했다.    스테이지는 타워크레인이나 드론으로 촬영한 현장 사진을 인공지능으로 분석해 공사 진척도를 자동 산출하는 기술이다. 이미지상 거푸집, 철근 등 객체 분석을 통해 공사 단계를 유추하고 그에 맞는 색상으로 표현해서 한 눈에 공사 진행 현황을 확인할 수 있다.    아울러 이미지에서 근로자 수를 확인해 층별 생산성도 산출할 수 있어, 작업 예상 소요 기간을 예측하고 인원 투입계획을 세워 공기를 단축시키는 효과를 낼 수 있다.    chic@yna.co.kr"
2022.11.10 11:25,"롯데건설, 인공지능 활용한 시각데이터 솔루션 개발","기사내용 요약건설현장에서 생산성과 품질 모두 향상머신러닝을 활용한 스마트폰 사진 분석인공지능을 활용한 현장사진 분석 기술스마트폰으로 콘크리트 균열을 촬영(좌측)하고 이를 태블릿PC에서 확인(우측)하는 모습(사진 제공=롯데건설) *재판매 및 DB 금지[서울=뉴시스] 고가혜 기자 = 롯데건설이 건설현장의 생산성과 품질 향상을 위해 인공지능(AI) 기반 시각데이터 솔루션을 개발했다고 10일 밝혔다.시각데이터 솔루션은 유디엔에스와 공동개발한 '크랙뷰어(Crack Viewer)', 지와이네트웍스와 공동개발한 '스테이지(Stage)'로 구성됐다. '크랙뷰어'는 스마트폰으로 촬영한 이미지에서 콘크리트의 머리카락 굵기 만한 미세 균열을 식별하고 크기를 측정해 자동으로 균열 관리대장을 만들어주는 기술이다. 기존의 균열 관리는 근로자가 직접 균열을 확인해야 하기 때문에 사다리 작업 등 위험성이 높았다. '크랙뷰어'는 스마트폰으로 멀리서 촬영한 이미지의 분석이 가능해 안전성과 작업속도를 향상시킬 수 있었다. 또한 컴퓨터가 방대한 데이터를 스스로 학습하는 기술인 머신러닝(Machine Learning)을 통해 거푸집 자국, 그림자 등을 균열로 인식하는 오류도 개선했다. '스테이지'는 타워크레인이나 드론으로 촬영한 현장 사진을 인공지능으로 분석해 공사 진척도를 자동 산출하는 기술이다. 이미지 상의 거푸집, 철근 등 객체 분석을 통해 공사단계를 유추하고 그에 맞는 색상으로 표현함으로써 한눈에 공사 진행현황을 확인할 수 있다.또 이미지에서 근로자 수를 확인해 공사 진척도와 함께 분석해 층별 생산성도 산출할 수 있다. 이를 통해 향후 작업의 예상 소요기간 예측하고 인원 투입계획을 수립함으로써 공기를 단축시킬 수 있다. 롯데건설 관계자는 ""시각데이터 솔루션을 통해 공사진척도 관리 및 균열 관리 등 반복적인 현장 업무의 편의성을 높였다""며 ""앞으로도 현장의 생산성 향상을 위해 업무 프로세스 자동화 기술 개발을 확대해 나가겠다""고 말했다. "
2022.11.10 16:39,"롯데건설, AI 활용한 시각데이터 솔루션 개발","(서울=뉴스1) 신현우 기자 = 롯데건설은 건설현장의 생산성과 품질 향상을 위해 인공지능(AI) 기반 시각데이터 솔루션을 개발했다고 10일 밝혔다.시각데이터 솔루션은 유디엔에스와 공동개발한 ‘크랙뷰어(Crack Viewer)’와 지와이네트웍스와 공동개발한 ‘스테이지(Stage)’ 등으로 구성됐다.크랙뷰어는 스마트폰으로 촬영한 이미지에서 콘크리트의 머리카락 굵기만 한 미세 균열을 식별하고 크기를 측정해 자동으로 균열 관리대장을 만들어주는 기술이다. 기존에는 근로자가 직접 균열을 확인해야 돼 사다리 작업 등 위험성이 높았다.또 크랙뷰어의 경우 스마트폰으로 멀리서 촬영한 이미지의 분석이 가능해 안전성과 작업속도를 향상시킬 수 있다. 컴퓨터가 방대한 데이터를 스스로 학습하는 기술인 머신러닝(Machine Learning)을 통해 거푸집 자국·그림자 등을 균열로 인식하는 오류도 개선했다.스테이지는 타워크레인이나 드론으로 촬영한 현장 사진을 인공지능으로 분석해 공사 진척도를 자동 산출하는 기술이다. 이미지상의 거푸집, 철근 등 객체 분석을 통해 공사단계를 유추하고 이에 맞는 색상으로 표현함으로써 한눈에 공사 진행현황을 확인할 수 있다.또 이미지에서 근로자 수를 확인해 공사 진척도와 함께 분석할 경우 층별 생산성도 산출할 수 있다. 이를 통해 향후 작업 예상 소요기간을 예측하고 인원 투입계획을 수립해 공기를 단축시킬 수 있다.롯데건설 관계자는 “시각데이터 솔루션을 통해 공사 진척도 관리 및 균열 관리 등 반복적인 현장 업무의 편의성을 높였다”며 “앞으로도 현장의 생산성 향상을 위해 업무 프로세스 자동화 기술 개발을 확대해 나가겠다”고 말했다."
2022.11.19 18:15,"""제일기획, 데이터솔루션메타버스에 선제적 대응""","[제일기획][헤럴드경제=윤호 기자]NH투자증권은 제일기획에 대해 투자의견 '매수', 목표주가 3만1000원으로 업종 최선호주 의견을 냈다.최근 이화정 NH투자증권 연구원은 보고서를 통해 ""제일기획은 산업 변화에 준비된 사업자로, 데이터 솔루션에서 메타버스까지 신규 매체 등장에 선제적으로 대응하고 있다""고 평했다.그는 ""경기 둔화 우려로 광고 효율 중요성이 더욱 높아지며, 판매 성과가 담보되는 디지털 중심 통합 마케팅 수요가 늘어나는 추세""라며 ""제일기획은 이미 온드미디어 운영(삼성닷컴) 및 인플루언서 마케팅 등 다양한 신규 매체 경험이 풍부하다""고 말했다.다가올 메타버스 시대에 적극적으로 대비 중인 점도 강점으로 꼽았다. 이 연구원은 ""제일기획은 지난해 디지털테크본부 신설 후 메타버스 관련 신사업 전략을 구상중""이라며 ""관련 역량을 확보하기 위해 버추얼휴먼·가상공간 제작 역량을 보유한 ‘이브이알스튜디오’ 및 NFT 아티스트 집단 ‘스마스’와 파트너십을 체결했다. 제일기획의 마케팅 노하우와 파트너사 기술력의 시너지가 기대된다""고 평가했다."
2022.12.07 10:17,"파수, 데이터 솔루션 '파수 데이터 레이더' 민감정보 통제 기능 강화","/사진=파수보안기업 파수가 데이터 식별·분류 솔루션 '파수 데이터 레이더'(FDR)의 민감정보 통제 관리 기능을 높인 신규 버전을 선보였다고 7일 밝혔다.파수 데이터 레이더는 PC 및 서버, 스토리지 등 다양한 저장소의 문서를 실시간으로 파악하고 내용 및 컨텍스트 기반으로 분류하는 솔루션이다. 개인정보와 같은 민감정보를 식별해 해당 문서를 암호화하고 격리·삭제 처리하거나 일정 기간 후 권한을 회수·파기할 수 있다.파수는 파수 데이터 레이더의 관리자 기능을 추가 및 개선했다. 개인정보 등이 포함된 파일이 검출되면 사용자, 부서장 등에게 알림을 보내고 파일 사용자가 보유 사유 및 기간 등을 소명하지 않는 경우 해당 파일을 격리하도록 했다. 이외에도 관리자에게는 원격삭제 및 파일 위치 이동 등에 대한 권한이 주어진다. 미사용 파일은 삭제나 암호화 등으로 보호할 수 있다. 주기적인 보고서를 통해 개인정보 패턴이나 암호화 파일 보유 현황의 흐름을 지속적으로 파악 가능하다. 대시보드 개선으로 편의성을 높이고 민감정보 보유 상태 및 미사용 파일, 중복 파일 현황 등도 한눈에 확인할 수 있다.조규곤 파수 대표는 ""개인정보 유출은 상향된 과징금으로 인한 부담 뿐 아니라 소비자 및 고객 신뢰에 치명적인 영향을 주고 이는 임직원 각자의 방지 노력만으로는 막기 힘들다""며 ""현재 많은 기업 및 공기관들이 사용하고 있는 파수 데이터 레이더는 개인정보를 식별 및 분류하고 철저하게 관리·통제하기 위한 최적의 솔루션""이라고 말했다."
2022.12.14 11:19,"“가격·성능 다 잡았다”…CJ올리브네트웍스, 공장 데이터 솔루션 출시","설비 데이터 관리 솔루션 RTDB 개발     CJ올리브네트웍스의 송도 데이터센터(IDC) 전경. [사진 CJ올리브네트웍스]    CJ올리브네트웍스가 빅데이터를 통해 공장 최적화를 지원하는 신규 솔루션을 출시했다. 가격을 낮추면서도 핵심 기능을 담아 차별화를 꾀했다.    CJ올리브네트웍스는 공장의 빅데이터를 실시간으로 분석하는 설비 데이터 관리 솔루션 RTDB(Real Time Data Base)를 개발했다고 14일 밝혔다.    RTDB는 공장의 설비에서 발생하는 아날로그 데이터를 모니터링하고 수집 및 분석해 공장 최적화를 지원하며, 예지보전을 위한 인공지능(AI) 모델 기반의 데이터를 제공한다.    설비 데이터는 시간 함수로 표현되는 대표적 시계열 정보다. 공장 규모에 따라 하루에 수십억 건 수집된다. 작업자의 활동 여부와 관계없이 실시간으로 축적되기 때문에 시스템 성능 저하의 원인으로 꼽힌다.    CJ올리브네트웍스가 개발한 솔루션은 이 같은 지점을 해결하기 위해 개발됐다. 설비 데이터를 효율적으로 관리하고 분석하면 기계 설비의 고장을 예측해 설비의 수명을 연장하고, 유지보수 비용을 절감해 생산 효율성을 높일 수 있다.    CJ올리브네트웍스 측은 “RTDB 솔루션의 가격이 높아 중소 제조 공장들이 디지털화 과정에서 이를 도입하지 못하는 경우가 많다”며 “중소기업들의 진입장벽을 낮추기 위해 가격 경쟁력 있는 RETD를 개발했다”고 전했다.    회사는 고가의 외산 솔루션에서 실제 기업이 사용하는 기능은 30%에 불과하다는 점에 착안, 기능을 경량화해 가격을 낮췄다. 표준 쿼리를 사용해 개발자가 별도의 학습 없이도 개발할 수 있도록 범용성도 높였다. 또 중복 데이터의 단순 저장을 지양하고 데이터의 변경점을 관리하는 알고리즘을 적용해 데이터 공간 효율성을 높이고, 실시간 데이터는 물론 과거 데이터도 빠르게 조회할 수 있도록 조회 속도를 개선했다.    CJ올리브네트웍스는 이달 CJ제일제당 부산공장과 프리미엄 주류 브랜드 화요의 이천 공장에 RTDB를 적용할 예정이다. 제조업뿐 아니라 시계열 데이터를 통한 예측 업무가 중요한 금융권과 이커머스 업계 등에도 확산이 가능할 것으로 기대하고 있다.    김대환 CJ올리브네트웍스 AI팩토리 팀장은 “AI·빅데이터 기반의 지능형 공장으로 업그레이드하기 위해서는 RTDB 솔루션이 필수적”이라며 “현장의 데이터 리터러시(Literacy)를 높이기 위해 빠른 분석과 높은 개발자 편의, 저렴한 가격 등 압도적인 특장점으로 국내 제조산업에 혁신을 가져올 것”이라고 말했다.  "
2023.01.03 07:52,"[fn마켓워치]베이스·더벤처스·오로라·데이타솔루션, 최저가 검색 플랫폼에 투자"," [파이낸셜뉴스] 베이스인베스트먼트, 더벤처스, 오로라인베스트먼트, 데이타솔루션이 딥러닝 기반의 최저가 검색 플랫폼에 투자했다.   3일 투자은행(IB) 업계에 따르면 베이스인베스트먼트, 더벤처스, 오로라인베스트먼트, 데이타솔루션은 ‘사공사’를 운영 중인 포스트랩에 투자했다.   포스트랩에서 개발 중인 ‘사공사’는 딥러닝 기반 자체 데이터 엔진을 활용하여, 주요 쇼핑 플랫폼의 상품 정보 및 사용자의 신용 및 체크카드, 멤버십, 쿠폰 등의 할인 수단 정보를 바탕으로 개인화된 최대 할인 혜택 조합을 제공해주는 최저가 검색 서비스다.   양형준 베이스인베스트먼트 팀장은 “온라인에서의 쇼핑은 엔터테인먼트, 커뮤니케이션과 더불어 유저들이 가장 자주 사용하는 영역이지만, 커머스 플랫폼들이 카테고리 별로 분화하고 경쟁이 치열해지며 사용자의 관점에서 최저가를 찾기 위해 쓰는 시간과 노력은 역설적으로 점점 더 커지고 있다”며 “뛰어난 기술력과 사업개발 경험을 지닌 포스트랩 팀에서 쇼핑 검색 행태를 혁신할 것으로 기대한다”라고 말했다.   권형준 포스트랩 대표는 “투자 침체기임에도 불구하고 포스트랩의 비전과 앞으로 만들어나갈 혁신을 믿어주는 투자자들과 함께 할 수 있어 매우 뜻깊다”며 “커머스 영역에서 고객들이 당연하게 누려야 했던 편리한 쇼핑 검색 경험을 제공하는 것은 물론이고, 향후 국내 시장을 넘어 글로벌에서도 온라인 커머스의 새로운 기준이 될 수 있도록 빠르게 성장할 것”이라고 말했다."
2023.01.16 17:20,"데이타솔루션, 배복태·정교중 대표 체제로", [이데일리 최훈길 기자] 데이타솔루션(263800)은 배복태 대표이사 체제에서 배복태·정교중 각자 대표이사 체제로 변경한다고 16일 공시했다. 회사는 “효율적 경영을 위한 각자 대표이사 체제로 변경한다”고 밝혔다.
2023.01.31 07:00,인수합병·서비스 고도화…'임상 데이터 솔루션' 업계 지각변동,"분산형 임상시험 본격화 전망씨알에스큐브, CRO 흡수합병제이앤피메디는 '버티컬' 전략최첨단 임상인 '분산형 임상시험'이 각광을 받는 가운데 국내 임상 데이터 관리 솔루션 업계에도 변화가 감지되고 있다. 제약·바이오 산업의 최첨단 분야 '분산형 임상시험(DCT)'을 선도하는 국내 임상 데이터 관리 솔루션 업계에 지각변동이 일어나고 있다. 솔루션 기업이 임상시험수탁기관(CRO)을 합병하며 몸집을 키우는 한편, 기술 고도화와 서비스 강화를 통해 가치를 키워가고 있다.30일 관련 업계에 따르면 임상 솔루션 기업 씨알에스큐브는 최근 CRO인 비디엠컨설팅과 합병계약을 체결했다. 이번 합병은 씨알에스큐브가 비디엠컨설팅을 흡수합병하는 방식으로 합병 기일은 오는 4월3일이다. 2010년 설립된 씨알에스큐브는 자체 임상 솔루션 '큐브 씨디엠에스(cubeCDMS)'를 바탕으로 누적 4000건 이상의 임상시험 과제를 수행한 이 분야의 강자 중 하나다. 비디엠컨설팅은 임상시험 통계분석과 컨설팅, 데이터 관리, 전자데이터 수집(EDC) 등 업무를 수행하는 CRO다.업계에서는 이번 합병을 매우 이례적인 사례로 보고 있다. 솔루션 기업이 CRO를 합병한 첫 사례이기 때문이다. 합병이 마무리되면 씨알에스큐브는 데이터 솔루션과 통계 기능을 함께 가져가는 토탈 임상 기업으로 사업 영역을 확장할 것으로 보인다. 업계 관계자는 ""씨알에스큐브는 국내 임상 데이터 관리 솔루션 시장에서 높은 점유율을 보이고 있다""면서 ""CRO 업무까지 내재화한다면 기존 업계에도 적잖은 변화와 파장이 일어날 것""이라고 말했다.솔루션 업계의 또 다른 강자인 제이앤피메디는 서비스 강화에 집중하고 있다. 기술 고도화와 국내·외 유관 기업과의 협력에 총력을 기울이는 모습이다. 제이앤피메디는 '메이븐 씨디엠에스(Maven CDMS)'를 통해 임상시험 데이터 수집 및 분석 서비스를 제공 중으로, 기존 임상 솔루션과 비교해 기능적 측면과 함께 가성비 좋은 제품으로 자리매김하고 있다. 블록체인 기반의 데이터 보호, 서비스형 소프트웨어(SaaS) 기반의 편의성, 다양한 디지털 기기와 유연한 연계 등 독자적인 기술을 바탕으로 서비스 경쟁력 강화에 주력하고 있다.특히 최근에는 DCT 시장 대응을 위해 '메이븐 DCT 스위트(Maven DCT Suite)'와 국내 첫 임상시험 문서 작성 및 관리 솔루션 '메이븐독스(Maven Docs)'를 내놓으며 주목을 받았다. 메이븐 DCT 스위트는 지난해 10월 디지털치료제(DTx) 전문기업 웰트의 불면증 DTx 확증임상에 적용되기도 했다. 나아가 임상 대상자 온라인 모집, 의약품 이상 사례 데이터 관리 등 연내 신규 서비스를 출시하는 등 임상시험 디지털화에 중점을 두고 서비스 전문 기업을 지향하는 움직임을 보이고 있다.DCT는 의료기관을 직접 찾아야만 진행됐던 기존 임상시험과 달리 디지털 기술을 바탕으로 환자 관리와 데이터 수집 등을 원격으로 하는 방식을 의미한다. 특히 코로나19 팬데믹(세계적 대유행) 이후 대면 임상이 어려워지자 첨단 임상시험 방식으로 급속도로 성장했다. 그만큼 임상 데이터 관리 솔루션 업계도 각광을 받고 있다. 한국보건산업진흥원은 최근 '글로벌 보건산업 동향'에서 올해 신약 개발 전망 중 DCT 본격화를 가장 먼저 언급하기도 했다. 진흥원은 ""DCT를 가능하게 하는 새로운 도구와 인프라에 대한 공급이 확대되면서 DCT의 적용은 확대될 전망""이라며 ""제약회사와 바이오테크 기업들은 디지털 기반의 임상 전략을 수립하고 있는 DCT 파트너와의 제휴를 모색할 필요성이 높아지고 있는 추세""라고 설명했다."
2023.02.17 16:23,"데이타솔루션, 지난해 영업익 27억…전년비 157.7% ↑", [헤럴드경제=증권부] 데이타솔루션은 지난해 개별기준 영업이익이 26억5686만원으로 전년대비 157.7% 증가했다고 17일 공시했다.같은 기간 매출액은 991억1876만원으로 1.4% 감소한 것으로 나타났다.당기순이익은 23억9848만원으로 101.3% 늘어난 것으로 집계됐다.
2023.02.21 09:15,[특징주]尹대통령 데이터경제 활성화 지시에…데이타솔루션 16%대↑, [이데일리 원다연 기자] 윤석열 대통령의 데이터경제 활성화 지시에 21일 데이타솔루션(263800)이 장 초반 강세다. 마켓포인트에 따르면 이날 오전 9시 10분 현재 전 거래일 대비 16.75% 오른 9340원에 거래되고 있다. 모아데이타(288980)도 11.17% 오른 4180원에 거래 중이다. 윤 대통령은 전날 한덕수 국무총리와 주례회동을 갖고 “산업화 시대의 쌀이 반도체라면 디지털 시대의 쌀은 ‘데이터’다. 데이터 경제 활성화 없이 AI(인공지능) 시대 등 미래를 책임질 신산업 육성은 요원하다”며 데이터 경제 활성화를 지시했다. 
2023.02.21 09:25,"데이타솔루션, 尹대통령 데이터경제 활성화 지시에 '급등'","윤석열 대통령이 데이터의 산업적인 활용 방안을 전향적으로 검토하라고 지시했다는 소식에 데이타솔루션 주가가 오르고 있다.21일 오전 9시22분 기준 데이타솔루션은 전 거래일 대비 1260원(15.75%) 오른 9260원에 거래되고 있다.같은 시간 모아데이타도 전 거래일보다 420원(11.17%) 오른 4180원을 기록 중이다.이같은 주가 상승은 전날 윤 대통령의 발언이 영향을 미친 것으로 풀이된다.윤 대통령은 전날 한덕수 국무총리와 주례회동을 갖고 ""산업화 시대의 쌀이 반도체라면 디지털 시대의 쌀은 '데이터'""라며 ""데이터 경제 활성화 없이 인공지능(AI) 시대 등 미래를 책임질 신산업 육성은 요원하다""며 데이터 경제 활성화를 지시했다."
2023.02.21 09:47,尹 '데이터경제' 강조에…데이타솔루션 15% 급등[특징주],"모아데이타 12% 상승윤석열 대통령 (대통령실 제공) 2023.2.16/뉴스1 ⓒ News1 오대일 기자(서울=뉴스1) 유새슬 기자 = 윤석열 대통령이 데이터 경제 활성화 필요성을 강조하자 관련주 주가가 21일 강세를 보이고 있다.이날 오전 9시30분 현재 코스닥 시장에서 데이타솔루션은 전날(20일)보다 1220원(15.25%) 급등한 9220원에 거래되고 있다.모아데이타도 475원(12.63%) 오른 4235원에 사고 팔리고 있다.윤 대통령은 전날(20일) 한덕수 국무총리와의 주례회동에서 ""산업화 시대의 쌀이 반도체라면 디지털 시대 쌀은 데이터""라며 ""데이터 경제의 활성화 없이 인공지능 시대에 대한민국의 미래를 책임질 신산업 육성은 요원하다""고 강조했다.정부는 조만간 제3차 규제혁신 전략회의를 열고 유망 신산업 육성을 위한 규제 해소 대책을 발표할 계획이다."
2023.02.21 09:51,尹 ‘데이터 규제 혁신’ 기대감에 데이타솔루션 15% 급등 [증시이슈],"디지털 시대의 쌀은 ‘데이터’ 언급플리토‧셀바스AI 등 동반 상승세윤석열 대통령이 2월 15일 오전 서울 용산 대통령실 청사에서 열린 제13차 비상경제민생회의에서 발언하고 있다. [사진 연합뉴스][이코노미스트 마켓in 홍다원 기자] 윤석열 대통령이 데이터 경제 활성화를 언급하면서 관련 종목 주가가 치솟고 있다. 21일 오전 9시 34분 기준 코스닥시장에서 데이타솔루션은 전 거래일 대비 15.63%(1250원) 오른 9370원에 거래되고 있다. 개장 직후 급등세를 이어가고 있다.같은 시간 코난테크놀로지도 전 거래일 대비 7.29%(7400원) 오른 10만8800원에 거래되고 있다. 플리토(7.95%), 셀바스AI(2.94%) 등도 함께 상승세를 탔다. 이들은 인공지능(AI), 빅데이터 관련 기업으로 ‘챗GPT’ 열풍을 타고 관련주로 묶이기도 했다.윤 대통령은 전날 한덕수 국무총리와의 주례 회의에서 “산업화 시대의 쌀이 반도체라면 디지털 시대의 쌀은 ‘데이터’다. 데이터 경제 활성화 없이 AI(인공지능) 시대 등 미래를 책임질 신산업 육성은 요원하다”며 데이터 경제 활성화를 강조했다. 윤 대통령은 “글로벌 스탠다드 관점에서 데이터의 산업적 활용 방안을 전향적으로 검토하라”고 지시했다. "
2023.03.02 08:44,"아이지에이웍스, 태국 진출…데이터 솔루션 글로벌 공급","태국 대표 디지털광고기업에 솔루션 공급빅데이터 플랫폼 기업 아이지에이웍스(대표 마국성)는 태국 대표 디지털 광고기업 YDM 타일랜드와 솔루션 공급 계약 및 전략적 파트너십을 체결했다고 2일 밝혔다.협약식은 1일 태국 방콕에서 열린 '2023 마케팅 기술 혁신 엑스포'에서 진행됐다. 아마존웹서비스(AWS)를 포함한 50여개 글로벌 IT 기업과 약 2000명 이상의 업계 실무자들이 참석한 이번 엑스포에서 아이지에이웍스는 YDM 타일랜드와 함께 고객데이터플랫폼(CDP) '디파이너리'를 태국 기업에 선보였다. 디파이너리는 태국 최대 뷰티 편집숍인 이브앤보이(EVEANDBOY)를 고객사로 확보했으며 현지 주요 업체들도 도입을 최종 검토 중이다.아이지에이웍스와 계약을 체결한 YDM 타일랜드는 2011년 설립된 디지털 광고 기업이다. 우수한 디지털 마케팅 역량과 현지 전문 인력을 보유하고 있으며 검색광고, 디스플레이 광고 및 온라인 마케팅 컨설팅까지 태국 디지털 광고 시장에서의 영향력을 확대해왔다. 아이지에이웍스 마국성 대표는 ""코로나 이후 추진 중인 글로벌 시장 진출에 속도를 내 세일즈 채널을 확대하고 성장 모멘텀을 강화하겠다""고 말했다. "
2023.03.02 14:23,"아이지에이웍스, 태국 광고기업과 데이터 솔루션 공급 계약","아이지에이웍스, 태국 광고기업과 데이터 솔루션 공급 계약YDM 타이랜드 타나폰 섭솜분 대표(왼쪽 네 번째), 아이지에이웍스 마국성 대표(오른쪽 세 번째) [아이지에이웍스 제공. 재판매 및 DB 금지](서울=연합뉴스) 임성호 기자 = 국내 빅데이터 플랫폼 기업 아이지에이웍스는 태국의 대표적인 디지털 광고기업 'YDM 타이랜드'와 솔루션 공급 계약 및 전략적 파트너십을 맺었다고 2일 밝혔다.    협약식은 1일(현지시간) 태국 방콕에서 열린 비즈니스 혁신 기술 콘퍼런스 '2023 마케팅 기술 혁신 엑스포' 현장에서 진행됐다.    아이지에이웍스는 YDM 타이랜드와 함께 고객데이터플랫폼(CDP) '디파이너리'를 태국 기업들에 선보였다.    이번 계약을 통해 아이지에이웍스는 베트남에 이어 두 번째로 세계 시장에 진출했다.    타나폰 섭솜분 YDM 타이랜드 대표는 ""긴밀한 협력 관계를 기반으로 아태 지역 내 데이터 드리븐 마케팅 생태계를 대폭 확대해 가겠다""고 말했다.    마국성 아이지에이웍스 대표는 ""글로벌 시장 진출에 속도를 내 세일즈 채널을 확대하고 성장 모멘텀을 강화하겠다""고 말했다.    sh@yna.co.kr"
2023.03.02 18:12,"아이지에이웍스, 태국 시장 진출…데이터 솔루션 글로벌 공급 확대","YDM Thailand 타나폰 섭솜분 대표(좌측 네 번째), 아이지에이웍스 마국성 대표(우측 세 번째). /사진=아이지에이웍스 제공빅데이터 플랫폼 기업 아이지에이웍스가 태국 대표 디지털 광고기업 YDM Thailand와 솔루션 공급 계약 및 전략적 파트너십을 체결했다고 2일 밝혔다.협약식은 1일 아이지에이웍스 마국성 대표, YDM Thailand 타나폰 섭솜분(Tanapon Subsomboon) 대표 등 양사 주요 관계자들이 참석한 가운데, '2023 마케팅 기술 혁신 엑스포(MARKETING TECHNOLOGY & INNOVATION EXPO 2023)' 현장에서 진행됐다.'2023 마케팅 기술 혁신 엑스포'는 태국 비즈니스 혁신 기술 컨퍼런스로, 에스시에셋(SC Asset)의 주관 하에 방콕에서 개최됐다. 행사에는 아마존웹서비스(AWS)를 포함한 50여개 글로벌 IT 기업들과 약 2000명 이상의 업계 실무자들이 참석했다.이번 엑스포에서 아이지에이웍스는 YDM Thailand와 함께 고객데이터플랫폼(CDP, Customer Data Platform) '디파이너리'를 태국 기업들에게 선보였다. 태국 최대 뷰티 편집숍인 이브앤보이(EVEANDBOY)를 고객사로 성공적으로 확보했으며, 마이크로파이낸스 기업 등 현지 주요 업체들도 디파이너리 도입을 최종 검토 중이라고 밝혔다.아이지에이웍스와 계약을 체결한 YDM Thailand는 2011년 설립된 디지털광고 기업이다. 태국 디지털 광고 시장에서의 영향력을 확대해오며 태국 로레알(L‘Oreal Thailand), 펩시, 네슬레, 유니레버 등 800여개 기업의 디지털 캠페인과 온라인 마케팅을 수행 중이다.아이지에이웍스 마국성 대표는 ""코로나 이후 추진중인 글로벌 시장 진출에 속도를 내어 세일즈 채널을 확대하고 성장 모멘텀을 강화하겠다""고 말했다."
2023.03.27 08:13,"[클릭 e종목]""데이타솔루션, AI시대 성장 기대"""," 리서치알음은 27일 데이타솔루션에 대해 인공지능(AI) 시대가 도래하면서 성장할 것으로 내다봤다. 최성환 리서치알음 연구원은 ""빠르게 바뀌는 AI 환경에서 기업은 '어떻게 하면 사업에 AI를 적용할 수 있을지' 고민이 깊어졌다""며 ""데이타솔루션은 현실적으로 고민을 해결해 줄 기업""이라고 설명했다. 그는 ""이미 GPT API를 통해 자사 솔루션을 개선하는 준비에 돌입했다""며 ""데이터 처리 속도와 효율, 정확도 측면에서 개선이 가능한 것을 확인했다""고 덧붙였다.아울러 ""현재 제공 중인 빅데이터 솔루션, 예측분석 솔루션, Biz 솔루션 등에서 상당한 기술적 진보가 가능하다""며 ""고객 서비스 향상이 가능할 것""이라고 내다봤다. 최 연구원은 ""데이타솔루션은 자체 개발한 챗봇에도 GPT를 적용할 계획""이라며 ""기존 공공사업과 민간사업을 통해 방대한 데이터를 확보하고 있다는 점을 고려했을 때 빠른 학습효과가 나타날 것""이라고 분석했다.그는 ""국내 퍼블릭 클라우드 소프트웨어 시장은 AI를 기반으로 한 다양한 부가 서비스(SaaS, Software-as-a-Service) 증가로 빠르게 성장할 것""이라며 ""한국 IDC 보고서에 따르면 2022년 1조8000억원이었던 퍼블릭 클라우드 소프트웨어 시장이 2026년까지 연평균 15.5%가량 성장할 것""이라고 설명했다.데이타솔루션이 올해 매출액 1086억원, 영업이익 50억원을 달성할 것으로 추정했다. 지난해보다 각각 9.6%, 88.2% 늘어난 규모다."
2023.03.27 09:47,"리서치알음 ""데이타솔루션, AI시대 수익 개선 본격화...상승여력 53.5%↑“"," [파이낸셜뉴스] 리서치알음은 27일 데이타솔루션에 대해 AI시대 본격화에 따라 올해부터 수익개선이 기대된다며 투자의견 '긍정적', 적정주가는 현 주가대비 상승여력 53.5%을 더한 1만2200원을 제시했다.   최성환 연구원은 ""최근 GPT-4가 공개는데, 지난 버전의 단점이 상당히 보완됐지만 ChatGPT가 예측을 위해 개발된 모델이 아닌 만큼 전망에 있어서 한계는 여전하다“라며 ”동사는 자체 개발한 빅데이터 분석 솔루션 Bigstation과 데이터 보안 처리를 위한 비식별화 솔루션 AI.NER 등을 활용해 예측분석 시스템을 제공하고 있다“라고 말했다.   이어 “데이타솔루션은 자사의 솔루션에 GPT API를 적용했을 때 작업 효율, 속도, 정확성까지높일 수 있다는 것으로 확인하고 본격적인 업그레이드 작업에 돌입했다”라며 “민간 시장에서 수요 확대가 예상돼 주목을 당부한다”라고 부연했다.   데이터솔루션은 데이터 통합 솔루션 전문업체로 2017년 코스닥에 상장됐다. 이 회사는 2010년 ㈜오픈베이스의 SI(System Integration) 사업 부문이 물적 분할해 설립됐으며, 2016년 (구)데이타솔루션을 합병하면서 현재의 사명으로 변경됐다. 2022년말 기준 ㈜오픈베이스가 지분 65.54%를 보유하고 있다.   현재 공공, 금융, 통신, 서비스 등 데이터 기반의 의사결정이 필요한 다양한 분야에 맞춤형 솔루션 및 시스템 구축 서비스를 제공하고 있다.   리서치알음은 인공지능(AI) 시대 도래가 데이터솔루션에 큰 성장 모멘텀으로 작용할 전망이라고 봤다.   최 연구원은 “지난해 동사의 매출액은 하드웨어 부문 판매실적 저조로 인해 부진했다”라며 “하지만 최근 AI와 관련한 서비스(챗봇,빅데이터분석등) 증가로 다시 인프라 투자 수요가 확대되고 있어 긍정적인 영향이 기대된다”라고 언급했다.   리서치알음은 이 회사의 하드웨어 관련 매출액이 686억원(2021) → 627억원(2022) → 670억원(2023E) → 730억원(2024E)의 추이를 보일 것이라고 전망했다.   여기에 데이터솔루션은 하드웨어 유통뿐 아니라 기업에서 요구하는 맞춤형 솔루션까지 제공하고 있다는 특징이 있다.   실제 동사의 ‘SI’ 사업 부문에서 이를 진행하며, 전통적인 시스템 구축 사업에서 벗어나 AI, 빅데이터, IoT, 보안 시스템 등으로 사업 영역을 확장 중이다. 따라서 하드웨어 매출이 증가하면 할수록 동사의 SI 사업도 탄력 을 받으며, 유지보수, 교육 등 부가 사업에도 긍정적인 영향을 미친다는 것이 리서치알음 판단이다.   최 연구원은 “올해부터 이 같은 추세가 본격화될 것으로 예상해 주목을 당부한다”라며 “특히 또한 동사는 자체 개발한 챗봇에도 GPT를 적용할 계획이다. 기존 공공사업과 민간사업을 통해 방대한 데이터를 확보하고 있다는 점을 고려했을 때 빠른 학습효과가 나타날 수 있을 것으로 판단된다”라고 진단했다.   그러면서 “국내퍼블릭 클라우드 소프트웨어 시장은 이처럼 AI를 기반으로 한 다양한 부가 서비스(SaaS, Software-as-a-Service)증가로 고성장할 전망”이라며 “데이타솔루션은 솔루션과 더불어 서버, 스토리지 등 하드웨어 유통까지 담당하고 있는데, 하드웨어와 솔루션을 모두 다루는 회사는 동사가 유일한 만큼, AI 시대 도래로 인프라 부문, 데이터 부문, 서비스 부문 전반에 구조적 성장이 전망되고 올해부터 수익 개선 본격화로 주목해야 한다”라고 덧붙였다. #리서치알음 #챗봇GPT #데이타솔루션  "
2023.04.06 14:46,"클루커스 ‘구글 클라우드 디스커버리데이’ 개최, 제조업 위한 데이터 솔루션 소개","클루커스, 제조업 위한 구글 클라우드 협업 성공 사례 및 최신 구글 클라우드 솔루션 정보 공유사진 설명. 클루커스 관련 eDM 캡쳐[서울경제] 데이터 및 인공지능(AI) 기반 클라우드 컨설팅 및 매니지먼트 전문기업 클루커스 (대표 홍성완)가 오는 20일 오후 2시 역삼동 구글코리아 본사에서 ‘구글 클라우드 디스커버리데이’를 개최한다. 이번 세미나를 통해 구글 클라우드를 활용한 제조업 관련 고객 사례와 구글 클라우드 솔루션에 대한 최신 정보 등을 공유한다고 밝혔다.제조업은 수요·공급망 변동에 대한 리스크를 관리하며 생산성을 향상하고 비용을 절감하는 것이 주요한 비즈니스 경쟁력이다. 하지만 많은 제조사가 방대한 데이터를 수집, 분석, 처리하는 것에 어려움을 겪고 있다. 제조업이 직면한 과제를 효율적으로 해결하기 위한 방안으로 디지털 혁신을 추구하는 것이 업계 최대 이슈로 떠오르고 있다. 제조업 전반에서 클라우드 인프라를 기반으로 한 안정적인 데이터 분석 환경을 구축하고 고도화된 데이터 솔루션을 산업에 적극 도입하는 추세다.클루커스는 제조산업 분야에서 이뤄지고 있는 디지털 전환의 흐름에 맞춰 ‘구글 클라우드 디스커버리데이’ 세미나를 열어 기업의 데이터 활용 니즈를 충족하고 비즈니스 프로세스에 혁신을 가져다주는 미래 비전을 제안한다고 밝혔다. 이번 행사는 구글 클라우드에서 빅데이터를 활용해 수요예측, 재고 및 생산 관리 등을 수행하고자 하는 제조기업에 비즈니스 인사이트를 공유하는 것이 주요 골자다. 세미나 연사로는 클루커스 클라우드 컨설턴트, 구글 클라우드 엔지니어 등이 참여해 ▲구글 클라우드 기반 데이터웨어하우스(DW) 구축 ▲루커(Looker) 및 빅쿼리(BigQuery) 기능 활용법 ▲스마트 제조를 위한 AI 및 머신러닝(ML) 도입 전략 ▲국내외 제조사 구글 클라우드 도입 성공사례 소개 중심으로 진행할 예정이다.구글 클라우드는 효율적인 공급망 관리 및 자동화를 통한 비용 절감 등을 실현할 수 있는 다양한 툴을 구현할 수 있어 제조산업군에서 주로 활용하는 클라우드 인프라로 꼽힌다. 특히 머신러닝 운영(MLOps) 솔루션, 데이터플렉스(Dataplex), 비전 검사 AI(Visual Inspection AI), 루커, 빅쿼리 등 구글 클라우드에서 구현할 수 있는 고도화된 데이터 솔루션은 예측적 유지보수, 기계 이상 실시간 탐지 등 제조업이 처리해야 할 문제에 키포인트로 적용할 수 있다. 이번 행사를 주최하는 클루커스 김병훈 AI비즈니스센터장은 “이번 세미나를 통해 클루커스는 구글 클라우드와 협업하는 데이터 및 AI 비즈니스 방향과 성공적인 클라우드 도입 사례를 공유하고 제조업계의 디지털 혁신에 이바지하고자 한다. 구글 클라우드는 다양한 종류의 데이터를 통합 연결하고 유연하게 협업할 수 있는 인프라로써 체계적이고 효율적인 업무 시너지를 강화하는 데 도움을 줄 수 있다. 클루커스가 준비한 이번 ‘구글 클라우드 디스커버리데이’에서 비즈니스 성장을 위한 유익한 인사이트를 제공받을 수 있을 것”이라고 말했다.구글 클라우드 디스커버리데이는 오는 20일 오후 2시부터 강남구 역삼동 강남파이낸스센터 24층 구글코리아 오피스에서 오프라인 행사로 진행되며 사전 등록 신청자만 참석이 가능하다. 사전 등록 신청 및 자세한 내용은 클루커스 구글 클라우드 플랫폼 홈페이지에서 확인할 수 있다."
2023.04.27 11:33,"이커머스 데이터 솔루션 ‘아이템스카우트’, 4분기 연속 최대 매출 경신","1분기 매출 전년比 25%↑3월 MAU 같은 기간 73%↑이커머스 전문 데이터 분석 솔루션 아이템스카우트 운영사 문리버가 4개 분기 연속으로 최대 매출을 경신했다고 27일 밝혔다.문리버에 따르면 회사의 올해 1분기 매출 규모는 전년 동기 대비 25% 성장했다. 전월 매출은 지난해 같은 기간보다 34% 늘었다.매출 신장과 함께 플랫폼 이용자도 늘고 있다. 문리버가 운영하는 아이템스카우트의 분기별활성이용자(QAU)는 35만명으로 지난해 같은 기간보다 약 30% 늘었다.3월 기준 월간활성이용자수(MAU)는 16만명으로 전년 동기 대비 73% 올랐다. 올해 1분기 누적 가입자수는 1년 전과 비교해 약 52% 늘어난 21만813만명으로 집계됐다.이커머스 셀러 키워드 분석 솔루션 아이템스카우트는 30여개가 넘는 포괄적 분석 지표와 심층 데이터 분석 자료를 기반으로 네이버쇼핑 셀러들에게 심화 지표를 제공한다.지난달 쿠팡 셀러를 위한 기능으로 쿠팡 상품목록 분석 기능을 선보였다. 4월에는 쿠팡 실시간 랭킹 추적과 쿠팡 상품 지표 기능을 신설했다.그밖에 11번가, G마켓, 옥션을 비롯한 여러 오픈마켓 셀러를 위한 연간 키워드 경쟁강도 지표도 제공하고 있다.최경준 문리버 대표는 “이커머스 업체별 경쟁 심화로 강력한 효용을 제공하는 플랫폼에만 소비자들이 몰리는 ‘빈익빈 부익부’ 현상이 심화하고 있다”며 “올해는 안정적인 성장세를 이어가면서 연간 흑자 달성도 가시권에 두고 있다”고 말했다."
2023.04.28 14:58,"넥슨, 플랫폼·데이터 솔루션 ‘게임스케일’ 프리 오픈","[이데일리 김정유 기자] 넥슨은 자사 데이터 사이언스 연구 조직 인텔리전스랩스에서 개발하는 플랫폼·데이터 기반 솔루션 ‘게임스케일’을 프리 오픈했다고 28일 밝혔다.‘게임스케일’은 ‘메이플스토리’, ‘던전앤파이터’, ‘FIFA 온라인 4’ 등 넥슨 라이브 게임의 서비스 노하우가 담긴 플랫폼·데이터 기반 솔루션으로 △보안 패키지 △마케팅 패키지 △커뮤니티 패키지 △비즈니스 패키지 △데이터 분석 패키지 △QA 패키지 △운영 패키지 등 7개로 구성된다.넥슨은 자체 개발 및 퍼블리싱 게임에만 적용했던 게임스케일을 이날부터 외부 게임사에 개방한다. 넥슨의 노하우를 더 많은 게임사에 전달해 업계 전체의 발전을 꾀하고자 함이다. 게임사별 맞춤 서비스를 제공하기 위해 전담 인력을 배치한다.브랜드 페이지는 게임 경험을 유저 관점에서 분석해 개선 방향을 제안하는 ‘UX 분석 서비스’부터 멀티 플랫폼 결제 지원이 가능한 ‘글로벌 통합 결제 연동 시스템’, 데이터 분석 기반으로 다양한 영역의 어뷰징 행위를 탐지하는 ‘어뷰징 탐지’까지 총 70개 제품 정보와 고객 사례 등을 제공한다. 넥슨은 2017년부터 게임스케일을 자체 게임에 적용하면서 데이터 기반의 고도화된 서비스를 제공해왔다. ‘메이플스토리M’은 게임 콘텐츠와 보안 패키지의 ‘실시간 가중치 컨트롤 시스템’을 결합해 작업장을 방지했다. 실시간 가중치 컨트롤 시스템을 연계한 콘텐츠에서 작업장의 달성 가능성은 69%에서 7%로 약 62% 감소했고, 달성 속도가 정상 유저에 비해 5배 정도 지연되는 등 작업장의 악성 행위를 억제하는 성과로 이어졌다.또 지난해 ‘던전앤파이터 모바일’ 출시 후 3시간 만에 비정상적인 속도로 움직이는 캐릭터 등 어뷰징 유저를 조기에 발견해 대응했고, ‘FIFA 온라인 4’는 유저의 플레이 성향에 따라 선수 및 클럽을 추천하거나, 승률, 레벨, 달성 업적, 경기 득점 등이 담긴 리포트를 제공해 만족도를 크게 끌어올렸다.배준영 인텔리전스랩스 본부장은 “게임스케일은 데이터의 수집, 분석, 적용의 선순환을 통해 서비스 품질의 지속적인 우상향이 가능하다”며 “넥슨의 서비스 노하우를 다른 게임사에 가감 없이 공유해 게임업계의 성장을 돕고, 유저에게 더 나은 게임 경험을 제공하는 게임 특화 솔루션을 만들어나갈 것”이라고 밝혔다.한편 넥슨은 마이크로소프트(MS)의 게임 개발 지원 플랫폼인 ‘플레이팹’과 파트너십을 맺고 양사 솔루션의 고도화를 위해 힘을 합칠 계획이다."
2023.04.28 17:57,"넥슨, 플랫폼∙데이터 솔루션 ‘게임스케일’ 프리 오픈","라이브 서비스 노하우 담은 플랫폼∙데이터 솔루션 ‘게임스케일’ 최초 공개보안, 마케팅, 커뮤니티, 비즈니스, 데이터 분석, QA, 운영 등 총 7개 패키지로 구성배준영 본부장 “유저에게 더 나은 게임 경험을 제공하는 솔루션 만들어나갈 것”게임스케일 이미지 [사진 넥슨][이코노미스트 원태영 기자]넥슨은 자사의 데이터 사이언스 연구 조직 인텔리전스랩스에서 개발하는 플랫폼∙데이터 기반 솔루션 ‘게임스케일’을 프리 오픈하고, 브랜드 사이트를 공개했다고 28일 밝혔다.게임스케일은 ‘메이플스토리’, ‘던전앤파이터’, ‘FIFA 온라인 4’ 등 넥슨 라이브 게임의 서비스 노하우가 담긴 플랫폼∙데이터 기반 솔루션으로, ▲보안 패키지 ▲마케팅 패키지 ▲커뮤니티 패키지 ▲비즈니스 패키지 ▲데이터 분석 패키지 ▲QA 패키지 ▲운영 패키지 총 7개로 구성된다.오늘부터 넥슨은 자체 개발 및 퍼블리싱 게임에만 적용했던 게임스케일을 외부 게임사에 최초로 개방한다. 게임스케일의 목표는 넥슨의 노하우를 더 많은 게임사에 전달해 유저들의 재미를 높이고 업계 전체가 한 걸음 도약하는 것으로, 게임사별 맞춤 서비스를 제공하기 위해 전담 인력을 배치하는 점이 특징이다.브랜드 페이지는 게임 경험을 유저 관점에서 분석해 개선 방향을 제안하는 ‘UX 분석 서비스’부터 멀티 플랫폼 결제 지원이 가능한 ‘글로벌 통합 결제 연동 시스템’, 데이터 분석 기반으로 다양한 영역의 어뷰징 행위를 탐지하는 ‘어뷰징 탐지’까지 70개의 제품 정보와 고객 사례 등을 제공한다.넥슨은 지난 2017년부터 게임스케일을 자체 게임에 적용하면서 데이터 기반의 고도화된 서비스를 제공해왔다. ‘메이플스토리M’은 게임 콘텐츠와 보안 패키지의 ‘실시간 가중치 컨트롤 시스템’을 결합해 작업장을 방지했다. 실시간 가중치 컨트롤 시스템을 연계한 콘텐츠에서 작업장의 달성 가능성은 69%에서 7%로 약 62% 감소했고, 달성 속도가 정상 유저에 비해 5배 정도 지연되는 등 작업장의 악성 행위를 억제하는 성과로 이어졌다.또 지난해 ‘던전앤파이터 모바일’ 출시 후 3시간 만에 비정상적인 속도로 움직이는 캐릭터 등 어뷰징 유저를 조기에 발견해 대응했고, 'FIFA 온라인 4'는 유저의 플레이 성향에 따라 선수 및 클럽을 추천하거나, 승률, 레벨, 달성 업적, 경기 득점 등이 담긴 리포트를 제공해 만족도를 크게 끌어올렸다.배준영 인텔리전스랩스 본부장은 “게임스케일은 데이터의 수집, 분석, 적용의 선순환을 통해 서비스 품질의 지속적인 우상향이 가능하다”며 “넥슨의 서비스 노하우를 다른 게임사에 가감 없이 공유해 게임업계의 성장을 돕고, 유저에게 더 나은 게임 경험을 제공하는 게임 특화 솔루션을 만들어나갈 것”이라고 밝혔다.한편 넥슨은 마이크로소프트(MS)의 게임 개발 지원 플랫폼인 ‘플레이팹’과 파트너십을 맺고 양사 솔루션의 고도화를 위해 힘을 합칠 계획이다.게임스케일에 대한 더 자세한 정보는 게임스케일 페이지에서 확인할 수 있다."
2023.05.22 16:57,"데이터에듀, 국제인공지능대전서 AI 학습용 데이터 솔루션 '라벨그라운드' 선봬"," 빅데이터 AI 솔루션 전문 기업 데이터에듀(대표 윤종식)가 '제6회 2023 국제인공지능대전((AI EXPO KOREA 2023)'에서 인공지능 학습용 데이터 구축 솔루션인 '라벨그라운드(Label Ground)'를 선보였다. 윤종식 대표/사진제공=데이터에듀지난 10일부터 12일까지 사흘간 서울 코엑스에서 열린 국제인공지능대전은 인공지능 데이터 전문 기업들과 연구 및 학계 관계자들이 관련 인사이트를 교류하는 아시아 최대 규모의 AI 종합 전시회다. 글로벌 빅테크 기업 인텔을 비롯한 11개국 260여 기업 및 기관이 참가해 470여 부스 규모로 진행됐다. 데이터에듀는 빅데이터 분석 기술과 AI 솔루션을 바탕으로 제품, 서비스 개발에 필요한 데이터 수집 및 가공 서비스를 제공하는 '데이터바우처'와 AI 솔루션 도입을 지원하는 'AI 바우처' 사업을 수행하고 있다. 데이터에듀는 빅데이터 관련 대표 자격증 ADsP와 ADP, 빅데이터분석기사 등의 교육 콘텐츠 제작과 교재를 출판 유통해오고 있다. 이번 행사에서 데이터에듀는 AI 학습 데이터 구축을 위한 크라우드 소싱 플랫폼인 '라벨그라운드'를 선보여 참관객들의 이목을 끌었다. 라벨그라운드는 남녀노소 누구나 데이터 라벨링의 재미를 느낄 수 있도록 서비스를 제공하는 크라우드소싱 방식의 플랫폼으로, 이미지, 음성, 영상, 텍스트 등 다양한 데이터 타입에 최적화된 40가지 이상의 라벨링 도구를 제공해 프로젝트 관리자가 원하는 인공지능 학습용 데이터를 구축, 전달한다. 일정량의 데이터가 구축되면 Active Learning을 통해 L-Catch(오토 라벨링) 모델을 구축하여 작업자가 빠르고 정확하게 작업을 수행할 수 있게 도움을 제공하고 있다.사진제공=데이터에듀또한 AI 전문가가 고객의 데이터 구축과 관리를 체계적으로 모니터링하고, 품질관리 시스템과 AI 전문 검수 인력을 활용해 작업자의 업무 정확도를 높여 기업 맞춤형 고품질 데이터 제공이 가능하며, 기업관리자 계정을 통해 프로젝트 진행 현황 대시보드, 각 파일별 라벨링 상태 확인, 라벨링 진행하는 작업자의 작업 상태를 확인할 수 있다. 이를 통해 기업은 데이터 구축 및 관리를 위한 시간과 비용을 줄일 수 있다. 사진제공=데이터에듀데이터 라벨링은 AI 모델을 훈련하기 위해 데이터 샘플에 대한 정확한 레이블(정답)을 지정하는 과정으로 모델이 패턴을 학습하고 예측할 수 있도록 도와주고 있다.윤종식 데이터에듀 대표는 ""해당 솔루션은 10년여간 교육이나 AI 개발을 했던 노하우와 빅데이터를 기반으로 선보인 것""이라며 ""라벨그라운드를 통해 기업 맞춤형으로 인공지능 학습용 데이터를 제공할 수 있다""고 말했다.또한 클라우드 기반에서 ai모델을 만들고 싶어하는 기업들이 자기 프로젝트를 등록시키면 라벨링을 하고 싶은 크라우드워커들이 참여할 수 있는 구조를 강점으로 살려, 실제 소외계층이라든지, 경력단절 여성들이나, 시니어도 ai에 쉽게 접근할 수 있도록 도와 지자체를 중심으로 크라우드워커에 참여할 수 있도록 해 일자리창출 및 상생의 방향도 함께하고 있다.데이터에듀 측은 ""정부에서 나오는 AI 데이터 프로젝트를 중심으로 진행하며 올해 10만명 정도 크라우드 워커를 모집할 계획""이라고 밝혔다."
2023.05.23 08:48,"씨플랫폼, 스켈리티와 ‘클라우드 데이터 솔루션’ 총판 계약"," [이데일리 김응태 기자] 아이티센(124500)그룹의 계열사 씨플랫폼은 스켈리티(Scality)와 클라우드 데이터 솔루션 총판 계약을 체결했다고 23일 밝혔다. 이경근 스켈리티 지사장(왼쪽), 김중균 씨플랫폼 대표(오른쪽)가 총판 계약을 체결하고 기념 사진을 촬영하고 있다. (사진=씨플랫폼)씨플랫폼은 인공지능, 빅데이터, 클라우드, 보안 분야 IT 솔루션 공급 전문 기업이다. 이번 계약을 통해 스켈리티의 모든 제품군을 시장에 공급할 예정이다. 씨플랫폼은 최근 HPE아루바 및 티맥스소프트와 파트너십을 체결해 네트워크 및 미들웨어 솔루션에 대한 라인업을 확장했다. 이에 더해 스켈리티와의 총판 계약으로 멀티 및 하이브리드 클라우드 환경에서 유연하게 대응할 수 있는 데이터 솔루션을 추가로 확보했다.스켈리티는 ‘클라우드-코어-엣지(Cloud-To-Core-to-edge)’까지 데이터 관리를 통합하고 하이브리드 및 멀티 클라우드 환경에서 데이터를 보호하는 특화 기술을 보유했다. 가트너 매직 쿼트런트 ‘분산 파일 시스템 및 객체 스토리지’ 분야 리더로 7년간 선정된 분산 파일 시스템 및 객체 스토리지 전문 기업이다.김중균 씨플랫폼 대표는 “새로운 워크로드로 스토리지 및 자동화에 대한 요구가 변화하고 있고, 다양해지는 클라우드 환경에서 데이터 손실 우려에 대한 고객들의 고민이 커지고 있다”며 “이러한 시점에 스켈리티와 파트너쉽을 체결해 기쁘게 생각한다”고 밝혔다. 그는 이어 “기존 비즈니스를 전개 중인 IT 인프라 제품군과 스켈리티의 진보된 데이터 솔루션 간 시너지 개발 등을 통해 데이터 관리에 대한 고객들의 고민을 해소해 나갈 수 있을 것”이라고 덧붙였다.이경근 스켈리티코리아 지사장은 “엄청난 속도로 늘어나는 비정형 데이터를 효과적으로 관리 및 보관해야 할 필요성이 증대되고 있는 시점”이라며 “최적의 대안인 객체 스토리지 솔루션의 글로벌 리더인 스켈리티가 씨플랫폼을 통해 한국 시장에 본격적으로 진출하게 됐다”고 밝혔다."
2023.05.23 08:50,"씨플랫폼, 스켈리티와 클라우드 데이터 솔루션 총판 계약","(사진제공=씨플랫폼) *재판매 및 DB 금지[서울=뉴시스]이지영 기자 = 아이티센그룹의 계열사 씨플랫폼은 스켈리티(Scality)와 클라우드 데이터 솔루션 총판 계약을 체결했다고 23일 밝혔다.씨플랫폼은 인공지능, 빅데이터, 클라우드, 보안 분야 IT솔루션 공급 전문 기업으로, 최근 HPE아루바 등 파트너쉽 체결을 통해 네트워크 솔루션에 대한 라인업을 확장했다. 이번에 계약을 맺은 스켈리티는 데이터 관리를 통합하고 하이브리드-멀티 클라우드 환경에서 데이터를 보호하는 특화 기술을 보유한 기업이다. 김중균 씨플랫폼 대표는 ""기존 비즈니스를 전개 중인 IT 인프라 제품군과 스켈리티의 진보된 데이터 솔루션 간 시너지 개발 등을 통해 데이터 관리에 대한 고객들의 고민을 해소해 나갈 수 있을 것""이라고 말했다. "
2023.06.14 09:29,"팀민트, 마케팅 데이터 솔루션 ‘ReFit’ 출시","[이데일리 김정유 기자] 애드테크 스타트업 팀민트는 마케팅 데이터 솔루션 ‘ReFit’ 서비스를 정식 출시했다고 14일 밝혔다.‘ReFit’은 디지털 마케팅에 수반되는 △마케팅 데이터 자동수집 △통합관리 △리포팅 시각화 기능 등을 제공하는 솔루션이다. 매체별 인증 정보를 입력하는 것만으로 광고 데이터를 자동 수집할 수 있다. 현재 지원되는 건 메타, 구글애즈, GA, 네이버, 카카오 등이며 앞으로도 지속 업데이트될 예정이다. 또한 ‘ReFit’은 데이터를 한 눈에 볼 수 있는 ‘통합 대시보드’ 기능도 제공한다. 다양한 차트 템플릿을 제공하며 사용자가 직접 차트 내용을 구성하거나 일별 성과, 소재별 성과 등 목적에 따라 전문가에게 적합한 차트를 추천 받을 수 있다.김진구 팀민트 최고기술책임자(CTO)는 “퍼포먼스 마케팅 시장이 커지면서 광고 매체와 데이터의 양이 급격하게 증가해 마케터들이 광고 셋팅과 성과 모니터링, 데이터 가공 등의 반복 업무에 많은 시간을 할애하는 상황에 놓였다”며 “‘ReFit’은 이러한 반복 업무를 줄이고 정확한 데이터 인사이트를 제공함으로써 마케터가 본질적인 업무에 집중할 수 있도록 하는 것이 목표”라고 전했다."
2023.06.15 17:06,"'AI 의료데이터 솔루션' 크레스콤, R&D혁신기업 선정","사진제공=크레스콤이재준 크레스콤 대표가 머니투데이 주최의 '2023 제9회 대한민국 리딩기업대상'에서 'AI 의료데이터 솔루션' 부문 'R&D혁신대상'을 비대면 수상하고 기념사진을 찍고 있다.크레스콤은 근골격계 의료 영상 분석에 특화된 AI(인공지능) 기술을 보유한 회사다. 업체 측은 ""골연령 성장 분석 솔루션 'MediAI-BA'(메디에이아이 비에이)는 출시 3년 만에 전국 수백여개 병의원에서 99%에 달하는 고객 유지율로 유용한 서비스를 제공하고 있다""고 말했다. 아울러 이 회사의 무릎 골관절염 심각도 평가 솔루션 'MediAI-OA'(메디에이아이 오에이)도 건강보험심사평가원에서 심사지원솔루션으로 사용되고 있다."
